<?xml version="1.0" encoding="UTF-8"?>
<!DOCTYPE book PUBLIC "-//OASIS//DTD DocBook XML V4.5//EN"
"../../../docbook-xml-4.5/docbookx.dtd">
<appendix id="appendix.website">
  <title><application><indexterm class="singular">
      <primary>OmegaT on the web</primary>
    </indexterm>OmegaT</application> on the web</title>

  <section id="OmegaT.sites.and.OmegaT.SourceForge.project">
    <title><application>OmegaT</application> sites and
    <application>OmegaT</application> SourceForge project<indexterm
        class="singular">
        <primary>OmegaT on the web</primary>

        <secondary>SourceForge Project</secondary>
      </indexterm></title>

    <para>The<ulink url="http://www.omegat.org/">
    <application>OmegaT</application> web site </ulink>contains links to
    numerous <application>OmegaT</application> resources. User support is
    provided on a volunteer basis at the <ulink
    url="http://groups.yahoo.com/group/omegat/"><application>OmegaT</application>
    Yahoo User Group</ulink>. The <ulink
    url="http://tech.groups.yahoo.com/group/omegat/database?method=reportRows&amp;amp;tbl=1">FAQ
    </ulink> is a good starting point for finding answers to questions you may
    have. For the latest version of OmegaT, refer to the downloads page at
    www.omegat.org. You can also file <ulink
    url="http://sourceforge.net/tracker/?group_id=68187&amp;amp;atid=520347">bug
    reports</ulink> and <ulink
    url="http://sourceforge.net/tracker/?group_id=68187&amp;amp;atid=52035">requests
    for enhancements.</ulink></para>
  </section>

  <section id="bug.reports">
    <title>Bug reports<indexterm class="singular">
        <primary>OmegaT on the web</primary>

        <secondary>Reporting bugs</secondary>
      </indexterm></title>

    <para>Remember that every good bug report needs just three things:</para>

    <itemizedlist>
      <listitem>
        <para>Steps to reproduce</para>
      </listitem>

      <listitem>
        <para>What you expected to see</para>
      </listitem>

      <listitem>
        <para>What you saw instead</para>
      </listitem>
    </itemizedlist>

    <para>More can be found in the <ulink
    url="http://www.joelonsoftware.com/articles/fog0000000029.html">Painless
    Bug Tracking</ulink> article by Joel Spolsky.</para>

    <para>You should add copies of files, portions of the log, screenshots, and
    anything else that you think will help the developers to find and fix your
    bug. Note that bug reports and requests for enhancements are publicly
    visible, so you should not add any sensitive files. If you wish to keep
    track of what is happening to the report, register as a SourceForge user,
    login and file a bug report or simply click Monitor at the top of the
    report.</para>
  </section>

  <section id="contributing.to.omegat.project">
    <title>Contributing to <application>OmegaT</application> project<indexterm
        class="singular">
        <primary>OmegaT on the web</primary>

        <secondary>Contributing to OmegaT</secondary>
      </indexterm></title>

    <para><emphasis role="bold">To contribute to
    <application>OmegaT</application>:</emphasis></para>

    <para>first join the <ulink
    url="http://groups.yahoo.com/group/OmegaT/">user group</ulink> (via web or
    by sending an email to <ulink
    url="mailto:OmegaT-subscribe@yahoogroups.com"><application>OmegaT</application>-subscribe@yahoogroups.com</ulink>).
    To get involved in the <application>OmegaT</application> development
    effort you can join the developer group, via the web or by sending an
    email to <ulink
    url="mailto:omegat-development-request@list.sourceforge.net?subject=subscribe">omegat-development-request@lists.sourceforge.net</ulink>
    with "subscribe" as the subject line.</para>

    <para><emphasis role="bold">To translate
    <application>OmegaT</application>'s user interface, user manual or other
    related documents:</emphasis></para>

    <para>first read the <ulink
    url="http://www.omegat.org/en/howtos/localizing_omegat.html">Localizing
    and Customizing <application>OmegaT</application></ulink> guide, and join
    the <application>OmegaT</application> translators' group via web or by
    sending an email to <ulink
    url="mailto:omegat-development-request@lists.sourceforge.net?subject=subscribe">omegat-l10n-request@lists.sourceforge.net</ulink>
    with subject "subscribe".</para>

    <indexterm class="singular">
      <primary>OmegaT on the web</primary>

      <secondary>Development, Localizing</secondary>
    </indexterm>

    <para>To support the OmegaT project financially<indexterm class="singular">
        <primary>OmegaT on the web</primary>

        <secondary>Financial support</secondary>
      </indexterm></para>

    <para>If you would like to help support the continued development of
    OmegaT, it would be very much appreciated - click on this link to go to
    the <ulink
    url="https://www.paypal.com/cgi-bin/webscr?cmd=_s-xclick&amp;hosted_button_id=9UB6Y2BBF99\ LL">
    OmegaT PayPal account</ulink>.</para>

    <indexterm class="singular">
      <primary>OmegaT on the web</primary>

      <secondary>Donating to OmegaT</secondary>
    </indexterm>
  </section>
</appendix>
