<?xml version="1.0" encoding="UTF-8"?>
<!DOCTYPE book PUBLIC "-//OASIS//DTD DocBook XML V4.5//EN"
"../../../docbook-xml-4.5/docbookx.dtd">
<appendix id="appendix.languages">
  <title>Languages - ISO 639 code list
  <indexterm class="singular">
    <primary>Languages</primary>
  </indexterm>
  <indexterm class="singular">
    <primary>ISO language codes</primary>
  </indexterm>
  <indexterm class="singular">
    <primary>Project</primary>
    <secondary>Properties</secondary>
    <seealso>Languages</seealso>
  </indexterm>
  </title>

  <para>Please check the<ulink url="http://www.sil.org/ISO639-3/codes.asp">
  ISO 639 Code Tables</ulink> for further and up-to-date information about
  language codes.</para>

  <table id="table.language.code.list">
    <title>ISO 639-1/639-2 Language code list</title>
    <tgroup cols="3" align='left' colsep='1' rowsep='1'>
      <colspec align="left" colnum="1" colwidth="200" />
      <colspec align="left" colnum="2" colwidth="100" />
      <colspec align="left" colnum="3" colwidth="100" />
      <thead>
        <row>
          <entry align="left">Language name</entry>
          <entry align="left">ISO 639-1</entry>
          <entry align="left">ISO 639-2</entry>
	</row>
      </thead>
      <tbody>
        <row>
	  <entry>Abkhaz</entry>
	  <entry>ab</entry>
	  <entry>abk</entry>
	</row>
        <row>
	  <entry>Afar</entry>
	  <entry>aa</entry>
	  <entry>aar</entry>
	</row>
        <row>
	  <entry>Afrikaans</entry>
	  <entry>af</entry>
	  <entry>afr</entry>
	</row>
        <row>
	  <entry>Akan</entry>
	  <entry>ak</entry>
	  <entry>aka</entry>
	</row>
        <row>
	  <entry>Albanian</entry>
	  <entry>sq</entry>
	  <entry>sqi</entry>
	</row>
        <row>
	  <entry>Amharic</entry>
	  <entry>am</entry>
	  <entry>amh</entry>
	</row>
        <row>
	  <entry>Arabic</entry>
	  <entry>ar</entry>
	  <entry>ara</entry>
	</row>
        <row>
	  <entry>Aragonese</entry>
	  <entry>an</entry>
	  <entry>arg</entry>
	</row>
        <row>
	  <entry>Armenian</entry>
	  <entry>hy</entry>
	  <entry>hye</entry>
	</row>
        <row>
	  <entry>Assamese</entry>
	  <entry>as</entry>
	  <entry>asm</entry>
	</row>
        <row>
	  <entry>Avaric</entry>
	  <entry>av</entry>
	  <entry>ava</entry>
	</row>
        <row>
	  <entry>Avestan</entry>
	  <entry>ae</entry>
	  <entry>ave</entry>
	</row>
        <row>
	  <entry>Aymara</entry>
	  <entry>ay</entry>
	  <entry>aym</entry>
	</row>
        <row>
	  <entry>Azerbaijani</entry>
	  <entry>az</entry>
	  <entry>aze</entry>
	</row>
        <row>
	  <entry>Bambara</entry>
	  <entry>bm</entry>
	  <entry>bam</entry>
	</row>
        <row>
	  <entry>Bashkir</entry>
	  <entry>ba</entry>
	  <entry>bak</entry>
	</row>
        <row>
	  <entry>Basque</entry>
	  <entry>eu</entry>
	  <entry>eus</entry>
	</row>
        <row>
	  <entry>Belarusian</entry>
	  <entry>be</entry>
	  <entry>bel</entry>
	</row>
        <row>
	  <entry>Bengali</entry>
	  <entry>bn</entry>
	  <entry>ben</entry>
	</row>
        <row>
	  <entry>Bihari</entry>
	  <entry>bh</entry>
	  <entry>bih</entry>
	</row>
        <row>
	  <entry>Bislama</entry>
	  <entry>bi</entry>
	  <entry>bis</entry>
	</row>
        <row>
	  <entry>Bosnian</entry>
	  <entry>bs</entry>
	  <entry>bos</entry>
	</row>
        <row>
	  <entry>Breton</entry>
	  <entry>br</entry>
	  <entry>bre</entry>
	</row>
        <row>
	  <entry>Bulgarian</entry>
	  <entry>bg</entry>
	  <entry>bul</entry>
	</row>
        <row>
	  <entry>Burmese</entry>
	  <entry>my</entry>
	  <entry>mya</entry>
	</row>
        <row>
	  <entry>Catalan</entry>
	  <entry>ca</entry>
	  <entry>cat</entry>
	</row>
        <row>
	  <entry>Chamorro</entry>
	  <entry>ch</entry>
	  <entry>cha</entry>
	</row>
        <row>
	  <entry>Chechen</entry>
	  <entry>ce</entry>
	  <entry>che</entry>
	</row>
        <row>
	  <entry>Chichewa, Chewa, Nyanja</entry>
	  <entry>ny</entry>
	  <entry>nya</entry>
	</row>
        <row>
	  <entry>Chinese</entry>
	  <entry>zh</entry>
	  <entry>zho</entry>
	</row>
        <row>
	  <entry>Chuvash</entry>
	  <entry>cv</entry>
	  <entry>chv</entry>
	</row>
        <row>
	  <entry>Cornish</entry>
	  <entry>kw</entry>
	  <entry>cor</entry>
	</row>
        <row>
	  <entry>Corsican</entry>
	  <entry>co</entry>
	  <entry>cos</entry>
	</row>
        <row>
	  <entry>Cree</entry>
	  <entry>cr</entry>
	  <entry>cre</entry>
	</row>
        <row>
	  <entry>Croatian</entry>
	  <entry>hr</entry>
	  <entry>hrv</entry>
	</row>
        <row>
	  <entry>Czech</entry>
	  <entry>cs</entry>
	  <entry>ces</entry>
	</row>
        <row>
	  <entry>Danish</entry>
	  <entry>da</entry>
	  <entry>dan</entry>
	</row>
        <row>
	  <entry>Divehi, Dhivehi, Maldivian</entry>
	  <entry>dv</entry>
	  <entry>div</entry>
	</row>
        <row>
	  <entry>Dutch</entry>
	  <entry>nl</entry>
	  <entry>nld</entry>
	</row>
        <row>
	  <entry>Dzongkha</entry>
	  <entry>dz</entry>
	  <entry>dzo</entry>
	</row>
        <row>
	  <entry>English</entry>
	  <entry>en</entry>
	  <entry>eng</entry>
	</row>
        <row>
	  <entry>Esperanto</entry>
	  <entry>eo</entry>
	  <entry>epo</entry>
	</row>
        <row>
	  <entry>Estonian</entry>
	  <entry>et</entry>
	  <entry>est</entry>
	</row>
        <row>
	  <entry>Ewe</entry>
	  <entry>ee</entry>
	  <entry>ewe</entry>
	</row>
        <row>
	  <entry>Faroese</entry>
	  <entry>fo</entry>
	  <entry>fao</entry>
	</row>
        <row>
	  <entry>Fijian</entry>
	  <entry>fj</entry>
	  <entry>fij</entry>
	</row>
        <row>
	  <entry>Finnish</entry>
	  <entry>fi</entry>
	  <entry>fin</entry>
	</row>
        <row>
	  <entry>French</entry>
	  <entry>fr</entry>
	  <entry>fra</entry>
	</row>
        <row>
	  <entry>Fula, Fulah, Pulaar, Pular</entry>
	  <entry>ff</entry>
	  <entry>ful</entry>
	</row>
        <row>
	  <entry>Galician</entry>
	  <entry>gl</entry>
	  <entry>glg</entry>
	</row>
        <row>
	  <entry>Georgian</entry>
	  <entry>ka</entry>
	  <entry>kat</entry>
	</row>
        <row>
	  <entry>German</entry>
	  <entry>de</entry>
	  <entry>deu</entry>
	</row>
        <row>
	  <entry>Greek, Modern</entry>
	  <entry>el</entry>
	  <entry>ell</entry>
	</row>
        <row>
	  <entry>Guaraní</entry>
	  <entry>gn</entry>
	  <entry>grn</entry>
	</row>
        <row>
	  <entry>Gujarati</entry>
	  <entry>gu</entry>
	  <entry>guj</entry>
	</row>
        <row>
	  <entry>Haitian, Haitian Creole</entry>
	  <entry>ht</entry>
	  <entry>hat</entry>
	</row>
        <row>
	  <entry>Hausa</entry>
	  <entry>ha</entry>
	  <entry>hau</entry>
	</row>
        <row>
	  <entry>Hebrew (modern)</entry>
	  <entry>he</entry>
	  <entry>heb</entry>
	</row>
        <row>
	  <entry>Herero</entry>
	  <entry>hz</entry>
	  <entry>her</entry>
	</row>
        <row>
	  <entry>Hindi</entry>
	  <entry>hi</entry>
	  <entry>hin</entry>
	</row>
        <row>
	  <entry>Hiri Motu</entry>
	  <entry>ho</entry>
	  <entry>hmo</entry>
	</row>
        <row>
	  <entry>Hungarian</entry>
	  <entry>hu</entry>
	  <entry>hun</entry>
	</row>
        <row>
	  <entry>Interlingua</entry>
	  <entry>ia</entry>
	  <entry>ina</entry>
	</row>
        <row>
	  <entry>Indonesian</entry>
	  <entry>id</entry>
	  <entry>ind</entry>
	</row>
        <row>
	  <entry>Interlingue</entry>
	  <entry>ie</entry>
	  <entry>ile</entry>
	</row>
        <row>
	  <entry>Irish</entry>
	  <entry>ga</entry>
	  <entry>gle</entry>
	</row>
        <row>
	  <entry>Igbo</entry>
	  <entry>ig</entry>
	  <entry>ibo</entry>
	</row>
        <row>
	  <entry>Inupiaq</entry>
	  <entry>ik</entry>
	  <entry>ipk</entry>
	</row>
        <row>
	  <entry>Ido</entry>
	  <entry>io</entry>
	  <entry>ido</entry>
	</row>
        <row>
	  <entry>Icelandic</entry>
	  <entry>is</entry>
	  <entry>isl</entry>
	</row>
        <row>
	  <entry>Italian</entry>
	  <entry>it</entry>
	  <entry>ita</entry>
	</row>
        <row>
	  <entry>Inuktitut</entry>
	  <entry>iu</entry>
	  <entry>iku</entry>
	</row>
        <row>
	  <entry>Japanese</entry>
	  <entry>ja</entry>
	  <entry>jpn</entry>
	</row>
        <row>
	  <entry>Javanese</entry>
	  <entry>jv</entry>
	  <entry>jav</entry>
	</row>
        <row>
	  <entry>Kalaallisut, Greenlandic</entry>
	  <entry>kl</entry>
	  <entry>kal</entry>
	</row>
        <row>
	  <entry>Kannada</entry>
	  <entry>kn</entry>
	  <entry>kan</entry>
	</row>
        <row>
	  <entry>Kanuri</entry>
	  <entry>kr</entry>
	  <entry>kau</entry>
	</row>
        <row>
	  <entry>Kashmiri</entry>
	  <entry>ks</entry>
	  <entry>kas</entry>
	</row>
        <row>
	  <entry>Kazakh</entry>
	  <entry>kk</entry>
	  <entry>kaz</entry>
	</row>
        <row>
	  <entry>Khmer</entry>
	  <entry>km</entry>
	  <entry>khm</entry>
	</row>
        <row>
	  <entry>Kikuyu, Gikuyu</entry>
	  <entry>ki</entry>
	  <entry>kik</entry>
	</row>
        <row>
	  <entry>Kinyarwanda</entry>
	  <entry>rw</entry>
	  <entry>kin</entry>
	</row>
        <row>
	  <entry>Kirghiz, Kyrgyz</entry>
	  <entry>ky</entry>
	  <entry>kir</entry>
	</row>
        <row>
	  <entry>Komi</entry>
	  <entry>kv</entry>
	  <entry>kom</entry>
	</row>
        <row>
	  <entry>Kongo</entry>
	  <entry>kg</entry>
	  <entry>kon</entry>
	</row>
        <row>
	  <entry>Korean</entry>
	  <entry>ko</entry>
	  <entry>kor</entry>
	</row>
        <row>
	  <entry>Kurdish</entry>
	  <entry>ku</entry>
	  <entry>kur</entry>
	</row>
        <row>
	  <entry>Kwanyama, Kuanyama</entry>
	  <entry>kj</entry>
	  <entry>kua</entry>
	</row>
        <row>
	  <entry>Latin</entry>
	  <entry>la</entry>
	  <entry>lat</entry>
	</row>
        <row>
	  <entry>Luxembourgish, Letzeburgesch</entry>
	  <entry>lb</entry>
	  <entry>ltz</entry>
	</row>
        <row>
	  <entry>Luganda</entry>
	  <entry>lg</entry>
	  <entry>lug</entry>
	</row>
        <row>
	  <entry>Limburgish, Limburgan, Limburger</entry>
	  <entry>li</entry>
	  <entry>lim</entry>
	</row>
        <row>
	  <entry>Lingala</entry>
	  <entry>ln</entry>
	  <entry>lin</entry>
	</row>
        <row>
	  <entry>Lao</entry>
	  <entry>lo</entry>
	  <entry>lao</entry>
	</row>
        <row>
	  <entry>Lithuanian</entry>
	  <entry>lt</entry>
	  <entry>lit</entry>
	</row>
        <row>
	  <entry>Luba-Katanga</entry>
	  <entry>lu</entry>
	  <entry>lub</entry>
	</row>
        <row>
	  <entry>Latvian</entry>
	  <entry>lv</entry>
	  <entry>lav</entry>
	</row>
        <row>
	  <entry>Manx</entry>
	  <entry>gv</entry>
	  <entry>glv</entry>
	</row>
        <row>
	  <entry>Macedonian</entry>
	  <entry>mk</entry>
	  <entry>mkd</entry>
	</row>
        <row>
	  <entry>Malagasy</entry>
	  <entry>mg</entry>
	  <entry>mlg</entry>
	</row>
        <row>
	  <entry>Malay</entry>
	  <entry>ms</entry>
	  <entry>msa</entry>
	</row>
        <row>
	  <entry>Malayalam</entry>
	  <entry>ml</entry>
	  <entry>mal</entry>
	</row>
        <row>
	  <entry>Maltese</entry>
	  <entry>mt</entry>
	  <entry>mlt</entry>
	</row>
        <row>
	  <entry>Māori</entry>
	  <entry>mi</entry>
	  <entry>mri</entry>
	</row>
        <row>
	  <entry>Marathi (Marāṭhī)</entry>
	  <entry>mr</entry>
	  <entry>mar</entry>
	</row>
        <row>
	  <entry>Marshallese</entry>
	  <entry>mh</entry>
	  <entry>mah</entry>
	</row>
        <row>
	  <entry>Mongolian</entry>
	  <entry>mn</entry>
	  <entry>mon</entry>
	</row>
        <row>
	  <entry>Nauru</entry>
	  <entry>na</entry>
	  <entry>nau</entry>
	</row>
        <row>
	  <entry>Navajo, Navaho</entry>
	  <entry>nv</entry>
	  <entry>nav</entry>
	</row>
        <row>
	  <entry>Norwegian Bokmål</entry>
	  <entry>nb</entry>
	  <entry>nob</entry>
	</row>
        <row>
	  <entry>North Ndebele</entry>
	  <entry>nd</entry>
	  <entry>nde</entry>
	</row>
        <row>
	  <entry>Nepali</entry>
	  <entry>ne</entry>
	  <entry>nep</entry>
	</row>
        <row>
	  <entry>Ndonga</entry>
	  <entry>ng</entry>
	  <entry>ndo</entry>
	</row>
        <row>
	  <entry>Norwegian Nynorsk</entry>
	  <entry>nn</entry>
	  <entry>nno</entry>
	</row>
        <row>
	  <entry>Norwegian</entry>
	  <entry>no</entry>
	  <entry>nor</entry>
	</row>
        <row>
	  <entry>Nuosu</entry>
	  <entry>ii</entry>
	  <entry>iii</entry>
	</row>
        <row>
	  <entry>South Ndebele</entry>
	  <entry>nr</entry>
	  <entry>nbl</entry>
	</row>
        <row>
	  <entry>Occitan</entry>
	  <entry>oc</entry>
	  <entry>oci</entry>
	</row>
        <row>
	  <entry>Ojibwe, Ojibwa</entry>
	  <entry>oj</entry>
	  <entry>oji</entry>
	</row>
        <row>
	  <entry>Old Church Slavonic, Church Slavic, Church Slavonic, Old
          Bulgarian, Old Slavonic</entry>
	  <entry>cu</entry>
	  <entry>chu</entry>
	</row>
        <row>
	  <entry>Oromo</entry>
	  <entry>om</entry>
	  <entry>orm</entry>
	</row>
        <row>
	  <entry>Oriya</entry>
	  <entry>or</entry>
	  <entry>ori</entry>
	</row>
        <row>
	  <entry>Ossetian, Ossetic</entry>
	  <entry>os</entry>
	  <entry>oss</entry>
	</row>
        <row>
	  <entry>Panjabi, Punjabi</entry>
	  <entry>pa</entry>
	  <entry>pan</entry>
	</row>
        <row>
	  <entry>Pāli</entry>
	  <entry>pi</entry>
	  <entry>pli</entry>
	</row>
        <row>
	  <entry>Persian</entry>
	  <entry>fa</entry>
	  <entry>fas</entry>
	</row>
        <row>
	  <entry>Polish</entry>
	  <entry>pl</entry>
	  <entry>pol</entry>
	</row>
        <row>
	  <entry>Pashto, Pushto</entry>
	  <entry>ps</entry>
	  <entry>pus</entry>
	</row>
        <row>
	  <entry>Portuguese</entry>
	  <entry>pt</entry>
	  <entry>por</entry>
	</row>
        <row>
	  <entry>Quechua</entry>
	  <entry>qu</entry>
	  <entry>que</entry>
	</row>
        <row>
	  <entry>Romansh</entry>
	  <entry>rm</entry>
	  <entry>roh</entry>
	</row>
        <row>
	  <entry>Kirundi</entry>
	  <entry>rn</entry>
	  <entry>run</entry>
	</row>
        <row>
	  <entry>Romanian, Moldavian, Moldovan</entry>
	  <entry>ro</entry>
	  <entry>ron</entry>
	</row>
        <row>
	  <entry>Russian</entry>
	  <entry>ru</entry>
	  <entry>rus</entry>
	</row>
        <row>
	  <entry>Sanskrit (Saṁskṛta)</entry>
	  <entry>sa</entry>
	  <entry>san</entry>
	</row>
        <row>
	  <entry>Sardinian</entry>
	  <entry>sc</entry>
	  <entry>srd</entry>
	</row>
        <row>
	  <entry>Sindhi</entry>
	  <entry>sd</entry>
	  <entry>snd</entry>
	</row>
        <row>
	  <entry>Northern Sami</entry>
	  <entry>se</entry>
	  <entry>sme</entry>
	</row>
        <row>
	  <entry>Samoan</entry>
	  <entry>sm</entry>
	  <entry>smo</entry>
	</row>
        <row>
	  <entry>Sango</entry>
	  <entry>sg</entry>
	  <entry>sag</entry>
	</row>
        <row>
	  <entry>Serbian</entry>
	  <entry>sr</entry>
	  <entry>srp</entry>
	</row>
        <row>
	  <entry>Scottish Gaelic, Gaelic</entry>
	  <entry>gd</entry>
	  <entry>gla</entry>
	</row>
        <row>
	  <entry>Shona</entry>
	  <entry>sn</entry>
	  <entry>sna</entry>
	</row>
        <row>
	  <entry>Sinhala, Sinhalese</entry>
	  <entry>si</entry>
	  <entry>sin</entry>
	</row>
        <row>
	  <entry>Slovak</entry>
	  <entry>sk</entry>
	  <entry>slk</entry>
	</row>
        <row>
	  <entry>Slovene</entry>
	  <entry>sl</entry>
	  <entry>slv</entry>
	</row>
        <row>
	  <entry>Somali</entry>
	  <entry>so</entry>
	  <entry>som</entry>
	</row>
        <row>
	  <entry>Southern Sotho</entry>
	  <entry>st</entry>
	  <entry>sot</entry>
	</row>
        <row>
	  <entry>Spanish, Castilian</entry>
	  <entry>es</entry>
	  <entry>spa</entry>
	</row>
        <row>
	  <entry>Sundanese</entry>
	  <entry>su</entry>
	  <entry>sun</entry>
	</row>
        <row>
	  <entry>Swahili</entry>
	  <entry>sw</entry>
	  <entry>swa</entry>
	</row>
        <row>
	  <entry>Swati</entry>
	  <entry>ss</entry>
	  <entry>ssw</entry>
	</row>
        <row>
	  <entry>Swedish</entry>
	  <entry>sv</entry>
	  <entry>swe</entry>
	</row>
        <row>
	  <entry>Tamil</entry>
	  <entry>ta</entry>
	  <entry>tam</entry>
	</row>
        <row>
	  <entry>Telugu</entry>
	  <entry>te</entry>
	  <entry>tel</entry>
	</row>
        <row>
	  <entry>Tajik</entry>
	  <entry>tg</entry>
	  <entry>tgk</entry>
	</row>
        <row>
	  <entry>Thai</entry>
	  <entry>th</entry>
	  <entry>tha</entry>
	</row>
        <row>
	  <entry>Tigrinya</entry>
	  <entry>ti</entry>
	  <entry>tir</entry>
	</row>
        <row>
	  <entry>Tibetan Standard, Tibetan, Central</entry>
	  <entry>bo</entry>
	  <entry>bod</entry>
	</row>
        <row>
	  <entry>Turkmen</entry>
	  <entry>tk</entry>
	  <entry>tuk</entry>
	</row>
        <row>
	  <entry>Tagalog</entry>
	  <entry>tl</entry>
	  <entry>tgl</entry>
	</row>
        <row>
	  <entry>Tswana</entry>
	  <entry>tn</entry>
	  <entry>tsn</entry>
	</row>
        <row>
	  <entry>Tonga (Tonga Islands)</entry>
	  <entry>to</entry>
	  <entry>ton</entry>
	</row>
        <row>
	  <entry>Turkish</entry>
	  <entry>tr</entry>
	  <entry>tur</entry>
	</row>
        <row>
	  <entry>Tsonga</entry>
	  <entry>ts</entry>
	  <entry>tso</entry>
	</row>
        <row>
	  <entry>Tatar</entry>
	  <entry>tt</entry>
	  <entry>tat</entry>
	</row>
        <row>
	  <entry>Twi</entry>
	  <entry>tw</entry>
	  <entry>twi</entry>
	</row>
        <row>
	  <entry>Tahitian</entry>
	  <entry>ty</entry>
	  <entry>tah</entry>
	</row>
        <row>
	  <entry>Uighur, Uyghur</entry>
	  <entry>ug</entry>
	  <entry>uig</entry>
	</row>
        <row>
	  <entry>Ukrainian</entry>
	  <entry>uk</entry>
	  <entry>ukr</entry>
	</row>
        <row>
	  <entry>Urdu</entry>
	  <entry>ur</entry>
	  <entry>urd</entry>
	</row>
        <row>
	  <entry>Uzbek</entry>
	  <entry>uz</entry>
	  <entry>uzb</entry>
	</row>
        <row>
	  <entry>Venda</entry>
	  <entry>ve</entry>
	  <entry>ven</entry>
	</row>
        <row>
	  <entry>Vietnamese</entry>
	  <entry>vi</entry>
	  <entry>vie</entry>
	</row>
        <row>
	  <entry>Volapük</entry>
	  <entry>vo</entry>
	  <entry>vol</entry>
	</row>
        <row>
	  <entry>Walloon</entry>
	  <entry>wa</entry>
	  <entry>wln</entry>
	</row>
        <row>
	  <entry>Welsh</entry>
	  <entry>cy</entry>
	  <entry>cym</entry>
	</row>
        <row>
	  <entry>Wolof</entry>
	  <entry>wo</entry>
	  <entry>wol</entry>
	</row>
        <row>
	  <entry>Western Frisian</entry>
	  <entry>fy</entry>
	  <entry>fry</entry>
	</row>
        <row>
	  <entry>Xhosa</entry>
	  <entry>xh</entry>
	  <entry>xho</entry>
	</row>
        <row>
	  <entry>Yiddish</entry>
	  <entry>yi</entry>
	  <entry>yid</entry>
	</row>
        <row>
	  <entry>Yoruba</entry>
	  <entry>yo</entry>
	  <entry>yor</entry>
	</row>
        <row>
	  <entry>Zhuang, Chuang</entry>
	  <entry>za</entry>
	  <entry>zha</entry>
	</row>
        <row>
	  <entry>Zulu</entry>
	  <entry>zu</entry>
	  <entry>zul</entry>
	</row>
      </tbody>
    </tgroup>
  </table>
</appendix>
