<?xml version="1.0" encoding="UTF-8"?>
<!DOCTYPE book PUBLIC "-//OASIS//DTD DocBook XML V4.5//EN"
"../../../docbook-xml-4.5/docbookx.dtd">
<chapter id="chapter.font">
  <title>Font settings</title>
  
  <section id="section.font.settings">
    <title>Font settings</title>
    <indexterm class="singular">
      <primary>Font settings</primary>
    </indexterm>
    
    <para>In this dialog one can define the font used by
    OmegaT in the following windows:</para>
    
    <itemizedlist>
      <listitem>
        <para>OmegaT main window (except
	the Dictionary viewer)</para>
      </listitem>
      <listitem>
        <para>Search window</para>
      </listitem>
      <listitem>
        <para>Tag validation window</para>
      </listitem>
    </itemizedlist>

    <para>The dialog can be accessed via the item in the application menu. The dialog contains:
    <menuchoice>
      <guimenu>Options</guimenu>
      <guimenuitem>Font...</guimenuitem>
    </menuchoice>
    <indexterm class="singular">
      <primary>Menu Options</primary>
      <secondary>Font...</secondary>
    </indexterm>
    </para>

    <itemizedlist>
      <listitem>
        <formalpara>
	  <title>Font</title>
	  <para>Drop-down to select one
          of the fonts available on your machine.</para>
	</formalpara>
      </listitem>
      <listitem>
        <formalpara>
	  <title>Size</title>
	  <para>Edit to change font
          size.</para>
	</formalpara>
      </listitem>
    </itemizedlist>

    <itemizedlist>
      <listitem>
        <formalpara>
	  <title>Sample text</title>
	  <para>Immediate preview of the selected font.</para>
	</formalpara>
      </listitem>
    </itemizedlist>

    <formalpara>
      <title>Note</title>
      <para>The display update can
      take more time if the number of displayed segments is
      important. Also, some fonts may have better coverage of your language pair.</para>
    </formalpara>
  </section>
</chapter>
