<?xml version="1.0" encoding="UTF-8"?>
<!DOCTYPE book PUBLIC "-//OASIS//DTD DocBook XML V4.5//EN"
"../../../docbook-xml-4.5/docbookx.dtd">
<book lang="en">
  <bookinfo>
    <title>OmegaT - User's Guide</title>

    <authorinitials>vs</authorinitials>
        <author><firstname>Vito</firstname>
<surname>Smolej</surname>
    </author>

    <pubdate><?dbtimestamp?></pubdate>

    <abstract>
      <para>This document is the official user's guide to OmegaT, the free Computer Aided Translation tool. It also contains installation instructions.</para>
    </abstract>

  </bookinfo>

  <xi:include href="AboutOmegaT.xml"
              xmlns:xi="http://www.w3.org/2001/XInclude" />

  <xi:include href="InstantStartGuide.xml"
              xmlns:xi="http://www.w3.org/2001/XInclude" />

  <xi:include href="InstallingAndRunning.xml"
              xmlns:xi="http://www.w3.org/2001/XInclude" />

  <xi:include href="UserInterface.xml"
              xmlns:xi="http://www.w3.org/2001/XInclude" />

  <xi:include href="Menu.xml" xmlns:xi="http://www.w3.org/2001/XInclude" />

  <xi:include href="ProjectProperties.xml"
              xmlns:xi="http://www.w3.org/2001/XInclude" />

  <xi:include href="FileFilters.xml"
              xmlns:xi="http://www.w3.org/2001/XInclude" />

  <xi:include href="FilesAndDirectories.xml"
              xmlns:xi="http://www.w3.org/2001/XInclude" />

  <xi:include href="FilesToTranslate.xml"
              xmlns:xi="http://www.w3.org/2001/XInclude" />

  <xi:include href="EditingBehavior.xml"
              xmlns:xi="http://www.w3.org/2001/XInclude" />

  <xi:include href="Font.xml"
              xmlns:xi="http://www.w3.org/2001/XInclude" />            

  <xi:include href="FormattedText.xml"
              xmlns:xi="http://www.w3.org/2001/XInclude" />

  <xi:include href="PlainText.xml" xmlns:xi="http://www.w3.org/2001/XInclude" />

  <xi:include href="TranslationMemories.xml"
              xmlns:xi="http://www.w3.org/2001/XInclude" />

  <xi:include href="Segmentation.xml"
              xmlns:xi="http://www.w3.org/2001/XInclude" />

  <xi:include href="Regexp.xml" xmlns:xi="http://www.w3.org/2001/XInclude" />

  <xi:include href="Searches.xml" xmlns:xi="http://www.w3.org/2001/XInclude" />

  <xi:include href="Dictionaries.xml"
              xmlns:xi="http://www.w3.org/2001/XInclude" />

  <xi:include href="Glossaries.xml" xmlns:xi="http://www.w3.org/2001/XInclude" />

  <xi:include href="MachineTranslation.xml"
              xmlns:xi="http://www.w3.org/2001/XInclude" />

  <xi:include href="Spellchecker.xml"
              xmlns:xi="http://www.w3.org/2001/XInclude" />

  <xi:include href="Miscelanea.xml" xmlns:xi="http://www.w3.org/2001/XInclude" />

  <xi:include href="App_Website.xml"
              xmlns:xi="http://www.w3.org/2001/XInclude" />

  <xi:include href="App_Languages.xml"
              xmlns:xi="http://www.w3.org/2001/XInclude" />

  <xi:include href="App_Keyboard.xml"
              xmlns:xi="http://www.w3.org/2001/XInclude" />

  <xi:include href="App_LegalNotices.xml"
              xmlns:xi="http://www.w3.org/2001/XInclude" />

  <xi:include href="App_Aknowledgements.xml"
              xmlns:xi="http://www.w3.org/2001/XInclude" />

  <index></index>
</book>
