<?xml version="1.0" encoding="UTF-8"?>
<!DOCTYPE book PUBLIC "-//OASIS//DTD DocBook XML V4.5//EN"
"../../../docbook-xml-4.5/docbookx.dtd">
<chapter id="chapter.project.properties">
  <title>Project properties<indexterm class="singular">
      <primary>Project</primary>

      <secondary>Properties</secondary>
    </indexterm></title>

  <para></para>

  <section id="properties.dialog">
    <title>Properties dialog</title>

    <para>The <menuchoice>
        <shortcut>
          <keycombo>
            <keycap>Ctrl</keycap>

            <keycap>E</keycap>
          </keycombo>
        </shortcut>

        <guimenu>Project</guimenu>

        <guimenuitem>Properties...</guimenuitem>
      </menuchoice> dialog is used to define and modify the project folders
    and languages.</para>

    <figure>
      <title>Project properties window</title>

      <mediaobject>
        <imageobject role="html">
          <imagedata fileref="images/NewProject.png" />
        </imageobject>
        <imageobject role="fo">
          <imagedata fileref="images/NewProject.png" width="80%" />
        </imageobject>
      </mediaobject>
    </figure>

    <para>It contains:</para>

    <itemizedlist>
      <listitem>
        <para>An area for setting project source and target languages with
        drop-down menus</para>
      </listitem>
    </itemizedlist>

    <itemizedlist>
      <listitem>
        <para>A segmentation settings flag</para>
      </listitem>
    </itemizedlist>

    <itemizedlist>
      <listitem>
        <para>An area for setting project folders</para>
      </listitem>
    </itemizedlist>

    <para>All the fields are editable. You can either enter the languages by
    hand or use the drop down menu. If you enter names of folders that do not
    exist yet, <application>OmegaT</application> creates them for you.</para>
  </section>

  <section id="language.modification">
    <title>Modifying project properties</title>

    <para>Note that changes to the project setup may have some consequences,
    especially, when the project has already been started.</para>

    <itemizedlist>
      <listitem>
        <para><emphasis role="bold">Changing source or target
        languages:<indexterm class="singular">
            <primary>Project</primary>

            <secondary>Source and target languages</secondary>
          </indexterm></emphasis></para>

        <para>Bear in mind that changing the languages may render the
        currently used translation memories useless since their language pair
        may not longer match the new languages.</para>
      </listitem>

      <listitem>
        <para><emphasis role="bold">Segmentation modifications:<indexterm
            class="singular">
            <primary>Project</primary>

            <secondary>Modifying segmentation</secondary>
          </indexterm></emphasis></para>

        <para>The segmentation settings only address the way the source files
        are handled by <application>OmegaT</application>. They do not modify
        the segmentation of already existing translation memories.</para>

        <para>Changes made to the segmentation settings may cause some already
        translated segments to be split or merged. This will effectively
        return them to the "untranslated" status, as they will no longer match
        segments recorded in the project memory, even though their original
        translation is still there.</para>

        <para>OmegaT may upgrade old translation memories that did not use
        sentence segmentation, but not vice versa. If you decide
        mid-translation to switch from sentence to paragraph translation, the
        internal translation memory of the project will not be changed.</para>
      </listitem>

      <listitem>
        <para><emphasis role="bold">Changing the folder structure:<indexterm
            class="singular">
            <primary>Project</primary>

            <secondary>Changing the folder structure</secondary>
          </indexterm></emphasis></para>

        <para>In case you decide to modify project folders, keep in mind that
        this will not move the contained files from old folders to the new
        location.</para>
      </listitem>

      <listitem>
        <para><emphasis role="bold">Modifying project properties during the
        session:<indexterm class="singular">
            <primary>Project</primary>

            <secondary>Modifying during the session</secondary>
          </indexterm></emphasis></para>

        <para>It is possible to modify the project properties during a
        translation session. However, until you have some experience with
        OmegaT, it is safest to consider all settings final once the
        translation has started – unless of course you realize a major mistake
        has been made. See the section Preventing data loss for ways and means
        of protecting your work.</para>
      </listitem>
    </itemizedlist>
  </section>
</chapter>
