<?xml version="1.0" encoding="UTF-8"?>
<!DOCTYPE book PUBLIC "-//OASIS//DTD DocBook XML V4.5//EN"
"../../../docbook-xml-4.5/docbookx.dtd">
<chapter id="chapter.instant.start.guide">
  <title>Instant Start Guide</title>

  <section>
    <title>Start Using <application>OmegaT</application> in 5 Minutes!</title>

    <para>This instant start guide covers only the very basics of OmegaT.
    Ideally, users should read the User Manual to familiarize themselves with
    everything <application>OmegaT</application> has to offer. Note for Mac
    users: shortcuts are described here as "<keycombo>
        <keycap>Ctrl</keycap>

        <keycap>key</keycap>
      </keycombo>" but Mac users should instead use "<keycombo>
        <keycap>Cmd</keycap>

        <keycap>key</keycap>
      </keycombo>". The "<keycap>Cmd</keycap>" key either has a "command"
    label or an apple symbol on Apple keyboards.</para>

    <para>The <application>OmegaT</application> screen consists of one
    workspace with five distinct panes<indexterm class="singular">
        <primary>Windows in OmegaT</primary>
      </indexterm>. Each of these can be resized using the mouse. On the left
    is the Editor where you type your translation. On the top right is the
    Match Viewer, where translation memory matches are displayed. Below this
    is the Glossary Viewer, where glossary matches are displayed. Two
    additional tabs at the bottom of the window open the Dictionary and
    Machine Translation panes. (Note: you can of course rearrange the panes to
    your own liking - the above description applies to your OmegaT after
    installation).</para>

    <para>In the Editor pane OmegaT presents the source text 'segmented' into
    either sentences or paragraphs. These are then translated, one by one. As
    you progress from segment to segment, your translations are recorded
    automatically in a translation memory. Once all the segments have been
    translated (or before, if you request) <application>OmegaT</application>
    uses the translation memory to generate the translated document(s) in a
    “Target” folder.</para>

    <para>OmegaT organizes your translation work in translation “projects”.
    For each project, OmegaT creates a set of folders which, in turn, are used
    to store the source documents to be translated as well as any glossaries
    and translation memories you may wish to use. OmegaT also creates a
    “Target” folder, in which OmegaT places the final translated
    documents.</para>
  </section>

  <section>
    <title>Translating with <application>OmegaT</application></title>

    <section id="create.and.open.new.project">
      <title>Creating and opening a new project<indexterm class="singular">
          <primary>Project</primary>

          <secondary>Create / open new</secondary>
        </indexterm></title>

      <para>Select <menuchoice>
          <guimenu>Project</guimenu>

          <guimenuitem>New...</guimenuitem>
        </menuchoice><indexterm class="singular">
          <primary>Menu Project</primary>

          <secondary>New...</secondary>
        </indexterm> from the menu.</para>

      <para>Navigate to the folder where you wish to save the project files,
      and type in a name for the translation project. This name will be used
      for the main project folder; all the project files will be stored in
      this folder or its subfolders.</para>

      <para><application>OmegaT</application> will prompt you to confirm or
      change the project folders to be created, using the dialog below:</para>

      <figure id="New.project.dialog.window">
        <title><indexterm class="singular">
            <primary>Project</primary>

            <secondary>Project dialog window - figure</secondary>
          </indexterm>New project - dialog window</title>

        <mediaobject>
          <imageobject role="html">
            <imagedata fileref="images/NewProject.png" />
          </imageobject>
          <imageobject role="fo">
            <imagedata fileref="images/NewProject.png" width="80%"/>
          </imageobject>
        </mediaobject>
      </figure>

      <para>You can simply accept the default locations of the subfolders, but
      be sure to check that the source language and target language codes are
      correct. Select the language code (2 letters) or language-and-region
      code (2 + 2 letters) from the drop-down list, or type them in by hand
      (the language code can be 2 to 3 letters). Make a mental note of the
      location of the Target subfolder (for your translated documents). If you
      prefer OmegaT to segment by sentence instead of by "paragraph", please
      read the chapter on Segmentation Rules<indexterm class="singular">
          <primary>Segmentation</primary>

          <secondary>Segmentation rules</secondary>
        </indexterm>.</para>

      <para>When you click OK to accept the project set-up, OmegaT prompts you
      to select the source documents for import. You can import individual
      files with<firstterm> Project &gt; Import Source Files</firstterm>, or
      you can copy files or even entire folder trees (with all files in all
      subfolders) manually into the Source folder of your OmegaT project
      (using your system's file manager, for example). If you've accidentally
      imported the wrong documents, or too many documents, you can simply
      remove them again from the Source folder.</para>

      <para>To check your list of files to be translated, consult the
      <emphasis role="bold">Project Files</emphasis> <indexterm
          class="singular">
          <primary>Project files</primary>

          <secondary>Source files</secondary>
        </indexterm>window (Menu: <menuchoice>
          <guimenu>Project</guimenu>

          <guimenuitem>Project Files...</guimenuitem>
        </menuchoice>,<indexterm class="singular">
          <primary>Menu Project</primary>

          <secondary>Project Files...</secondary>
        </indexterm> if it does not open automatically). If you had to change
      the Contents of the Source folder, remember to reload the project first
      (Menu: <menuchoice>
          <shortcut>
            <keycap>F5</keycap>
          </shortcut>

          <guimenu>Project</guimenu>

          <guimenuitem>Reload</guimenuitem>
        </menuchoice>). <application>OmegaT</application> opens the first
      file in the project list by default. Bear in mind that
      <application>OmegaT</application> can only translate files in the
      formats below if they match the patterns defined in the file filters.
      Any other files will be ignored.<indexterm class="singular">
          <primary>Source files</primary>

          <secondary>File formats</secondary>
        </indexterm></para>

      <itemizedlist>
        <listitem>
          <para><emphasis role="bold"> Plain text file formats<indexterm
              class="singular">
              <primary>File Formats</primary>

              <secondary>plain text files</secondary>
            </indexterm></emphasis><itemizedlist>
              <listitem>
                <para>ASCII text (.txt, etc.)</para>
              </listitem>

              <listitem>
                <para>Encoded text (*.UTF8)</para>
              </listitem>
            </itemizedlist><itemizedlist>
              <listitem>
                <para>Java resource bundles (*.properties)</para>
              </listitem>
            </itemizedlist><itemizedlist>
              <listitem>
                <para>PO files (*.po)</para>
              </listitem>
            </itemizedlist><itemizedlist>
              <listitem>
                <para>INI (key=value) files (*.ini)</para>
              </listitem>
            </itemizedlist>
            <itemizedlist>
              <listitem>
                <para>DTD files (*.DTD)</para>
              </listitem>

              <listitem>
                <para>DocuWiki files (*.txt)</para>
              </listitem>
            </itemizedlist></para>

    		<itemizedlist>
			  <listitem>
				<para>SubRip title files (*.srt)</para>
			  </listitem>
			</itemizedlist>

            <itemizedlist>
              <listitem>
                <para>Magento CE Locale CSV (*.csv)</para>
              </listitem>
            </itemizedlist>

        </listitem>
      </itemizedlist>

      <itemizedlist>
        <listitem>
          <para><emphasis role="bold">Tagged text file formats<indexterm
              class="singular">
              <primary>File Formats</primary>

              <secondary>formatted</secondary>
            </indexterm></emphasis></para>

          <itemizedlist>
            <listitem>
              <para>OpenOffice.org / OpenDocument (*.odt, *.ott, *.ods, *.ots,
              *.odp, *.otp)</para>
            </listitem>
          </itemizedlist>

          <itemizedlist>
            <listitem>
              <para>Microsoft Open XML (*.docx, *.xlsx, *.pptx)</para>
            </listitem>
          </itemizedlist>

          <itemizedlist>
            <listitem>
              <para>(X)HTML (*.html, *.xhtml,*.xht)</para>
            </listitem>
          </itemizedlist>

          <itemizedlist>
            <listitem>
              <para>HTML Help Compiler (*.hhc, *.hhk)</para>
            </listitem>
          </itemizedlist>

          <itemizedlist>
            <listitem>
              <para>DocBook (*.xml)</para>
            </listitem>
          </itemizedlist>

          <itemizedlist>
            <listitem>
              <para>monolingual XLIFF (*.xlf, *.xliff, *.sdlxliff)</para>
            </listitem>
          </itemizedlist>

          <itemizedlist>
            <listitem>
              <para>QuarkXPress CopyFlowGold (*.tag, *.xtg)</para>
            </listitem>
          </itemizedlist>

          <itemizedlist>
            <listitem>
              <para>ResX files (*.resx)</para>
            </listitem>
          </itemizedlist>

          <itemizedlist>
            <listitem>
              <para>Android resource (*.xml)</para>
            </listitem>
          </itemizedlist>

          <itemizedlist>
            <listitem>
              <para>LaTex (*.tex, *.latex)</para>
            </listitem>

            <listitem>
              <para>Help (*.xml) and Manual (*.hmxp) files</para>
            </listitem>

            <listitem>
              <para>Typo3 LocManager (*.xml)</para>
            </listitem>
          </itemizedlist>

          <itemizedlist>
            <listitem>
              <para>WiX Localization (*.wxl)</para>
            </listitem>

            <listitem>
              <para>Iceni Infix (*.xml)</para>
            </listitem>

            <listitem>
              <para>Flash XML export (*.xml)</para>
            </listitem>

          <listitem>
            <para>Wordfast TXML (*.txml)</para>
          </listitem>

          <listitem>
            <para>Camtasia for Windows (*.camproj)</para>
          </listitem>

          </itemizedlist>
        </listitem>
      </itemizedlist>

      <para>In addition to the text you wish to translate, tagged text files
      contain formatting information made visible in OmegaT in the form of
      “tags”. The tags must also be present in the translated text, even if
      the formatting does not need to be “translated”. If tags happen to be
      missing or are misplaced, the text may not be shown as intended and the
      translation will have to be corrected - see the chapter "Tag verification"
      below.</para>
    </section>

    <section id="translate.the.segments.one.by.one">
      <title>Translating segments one by one</title>

      <para>Once you have defined the project and the files to be translated,
      <application>OmegaT</application> opens the first source file in the
      Editor.</para>

      <para>The active segment is highlighted in green; a copy of the source
      text is displayed just below this in the “target field”. (At this point,
      all text outside the target field is protected and cannot be modified.)
      You must type your translation before the tag &lt;<literal>segment
      0001&gt;</literal>. OmegaT
      can be set up to automatically copy the source text into the target text
      (see <emphasis>Options &gt; Editing Behaviour...</emphasis>), which can
      be useful when parts of the source text are to remain unchanged. In such
      cases you will overwrite the source text. Press <emphasis
      role="bold">"ENTER"</emphasis> to advance to the next segment.
      Note:</para>

      <itemizedlist>
        <listitem>
          <para>To move to any other part of the text, whether above or below,
          double-click on the sentence or paragraph you wish to open.</para>
        </listitem>

        <listitem>
          <para>If you prefer to translate into an empty target field, set
          this option in <menuchoice>
              <guimenu>Options</guimenu>

              <guimenuitem>Editing Behaviour...<indexterm class="singular">
                  <primary>Menu Options</primary>

                  <secondary>Editing behaviour...</secondary>
                </indexterm></guimenuitem>
            </menuchoice></para>
        </listitem>

        <listitem>
          <para>You can change the setup of the Editor pane (for instance to
          show the source text or not, highlight the translated text etc) in
          the Main menu under View.</para>

          <para>When you press <emphasis role="bold">"ENTER"</emphasis>,
          several things happen invisibly: <application>OmegaT</application>
          adds the segment pair (the source segment and its translation) to
          the internal translation memory . It also automatically translates
          any other identical segments that it detects. Additionally it scans
          the translation memory and glossary in search of matches for the
          next untranslated segment, which it then opens.</para>
        </listitem>
      </itemizedlist>
    </section>

    <section id="use.matches.in.TMs.dictionaries.and.glossaries">
      <title>Using matches in the translation memories, dictionaries and
      glossaries</title>

      <section id="translation.memory.matches">
        <title>Translation memory matches<indexterm class="singular">
            <primary>Translation memories</primary>

            <secondary>Fuzzy matches</secondary>
          </indexterm><indexterm class="singular">
            <primary>Translation memories</primary>

            <secondary>Matches</secondary>
          </indexterm></title>

        <figure>
          <title>Matches pane</title>

          <mediaobject>
            <imageobject role="html">
              <imagedata fileref="images/MatchesPane.png" />
            </imageobject>

            <imageobject role="fo">
              <imagedata fileref="images/MatchesPane.png" width="80%" />
            </imageobject>
          </mediaobject>
        </figure>

        <para>If <application>OmegaT</application> finds any fuzzy matches
        (30% or over) for the next segment in the translation memories in the
        project, it displays them in the Match Viewer. The first match is
        pre-selected in the Match Viewer by default.</para>

        <itemizedlist>
          <listitem>
            <para>Press <keycombo>
                <keycap>Ctrl</keycap>

                <keycap>I</keycap>
              </keycombo><indexterm class="singular">
                <primary>Shortcuts</primary>

                <secondary>Ctrl+I - Insert text</secondary>
              </indexterm> to insert the pre-selected match at the cursor
            position, or...</para>
          </listitem>

          <listitem>
            <para>Press <keycombo>
                <keycap>Ctrl</keycap>

                <keycap>R</keycap>
               </keycombo> <indexterm class="singular">
                    <primary>Shortcuts</primary>

                    <secondary>Ctrl+R - Replace text</secondary>
                  </indexterm><indexterm class="singular">
                    <secondary>Replace text</secondary>
                  </indexterm>
              to overwrite the entire segment with the
            pre-selected match.</para>
          </listitem>
        </itemizedlist>

        <para>If several matches have been found and you prefer to use a match
        other than the pre-selected match:</para>

        <itemizedlist>
          <listitem>
            <para>Select the match you prefer in the Match Viewer: <keycombo>
                <keycap>Ctrl</keycap>

                <keycap>2</keycap>
              </keycombo> for the second match displayed, <keycombo>
                <keycap>Ctrl</keycap>

                <keycap>3</keycap>
              </keycombo> for the third match, etc.</para>
          </listitem>

          <listitem>
            <para>Then use the <keycombo>
                <keycap>Ctrl</keycap>

                <keycap>I</keycap>
              </keycombo> or <keycombo>
                <keycap>Ctrl</keycap>

                <keycap>R</keycap>
              </keycombo> shortcuts as above.</para>
          </listitem>
        </itemizedlist>

        <para>You can tell OmegaT to insert any first match above a specified
        percentage into the target field automatically. Set this option using
        <menuchoice>
            <guimenu>Options</guimenu>
          </menuchoice></para>
      </section>

      <section id="glossary.and.dictionary.matches">
        <title>Glossary and Dictionary matches<indexterm class="singular">
            <primary>Matches</primary>

            <secondary>Glossary, Dictionary matches</secondary>
          </indexterm></title>

        <para>Any matching terms in glossaries and dictionaries, that you may
        have included in the project will be displayed for reference in the
        glossary and dictionary panes.</para>
      </section>

      <section id="use.searches">
        <title>Use searches</title>

        <para><application>OmegaT</application> provides a powerful range of
        search functions. Call up the Search window with <keycombo>
            <keycap>Ctrl</keycap>

            <keycap>F</keycap>
          </keycombo> and type in the word or phrase you wish to search for in
        the "Search for" box. Alternatively, select a word or phrase anywhere
        in the Editor pane and press <keycombo>
            <keycap>Ctrl</keycap>

            <keycap>F</keycap>
          </keycombo>: the selected word or phrase will be inserted
        automatically into the "Search for" box in the window, that then
        opens.</para>
      </section>

      <section id="use.Google.Translate">
        <title>Use Machine Translation services<indexterm class="singular">
            <primary>Matches</primary>

            <secondary>Machine translation</secondary>
          </indexterm></title>

        <para>In the Machine Translation pane, if any of the services is
        activated (see <emphasis>Options &gt; Machine Translate</emphasis>),
        you will receive an automatic suggestion for the translation of the
        current segment. Press <emphasis>Ctrl+M </emphasis> to replace the
        target segment with this suggestion.</para>
      </section>
    </section>

    <section id="create.translated.documents">
      <title>Creating translated documents<indexterm class="singular">
          <primary>Project files</primary>

          <secondary>Target files</secondary>
        </indexterm></title>

      <para>When you have translated all the segments (or earlier if you
      wish), <application>OmegaT</application> will create the target
      document(s) using the translations stored in the translation memory. To
      do this, select <menuchoice>
          <shortcut>
            <keycombo>
              <keycap>Ctrl</keycap>

              <keycap>D</keycap>
            </keycombo>
          </shortcut>

          <guimenu>Project</guimenu>

          <guimenuitem>Create Translated Documents</guimenuitem>
        </menuchoice><indexterm class="singular">
          <primary>Shortcuts</primary>

          <secondary>Ctrl+D - Create Translated Documents</secondary>
        </indexterm> <indexterm class="singular">
          <primary>Menu Project</primary>

          <secondary>Create Translated Documents</secondary>
        </indexterm>from the menu. <application>OmegaT</application> will
      build translated versions of all the translatable documents in the
      Source folder of the project, whether or not they have been fully
      translated. The wholly or partially translated files will be saved to
      the project's Target folder. To finalize your translation, open the
      target files in their associated applications (browser, word
      processor...) to check the content and formatting of your translation.
      You can then return to <application>OmegaT</application> to make any
      necessary corrections; do not forget to recreating the translated
      documents.</para>
    </section>
  </section>

  <section id="how.to.handle.tagged.text">
    <title>Handling tagged text<indexterm class="singular">
        <primary>Tagged text</primary>
      </indexterm></title>

    <para><application>OmegaT</application> ensures that the formatting of the
    source documents (bold, italic etc.) is not lost by marking it with
    special tags. <application>OmegaT</application> tags are composed of one
    or more letters followed by one or more digit, using the "/" character for
    closure (for example: &lt;f0&gt;, &lt;/f0&gt; &lt;br&gt;, &lt;/s2&gt;
    etc.). You must handle these tags with care and make sure they are
    included in the target segments in a proper fashion (see tag
    operations).</para>

    <section>
      <title>An example...<indexterm class="singular">
          <primary>Tagged text</primary>

          <secondary>An example</secondary>
        </indexterm></title>

      <para>In these examples we've highlighted the tags to make them easier
      to see, but in <application>OmegaT</application> they will not be
      highlighted. The HTML tags, highlighted in blue, will be ignored by
      <application>OmegaT</application> as they fully enclose the segment. The
      tags highlighted below in green, however, have to be handled by
      <application>OmegaT</application> because they are within the segment.
      Here is an example of a segment in HTML:</para>

      <para><literal>&lt;p&gt;A different display font can be selected via
      the &lt;b&gt;Display Font&lt;/b&gt;dialog. Open it via
      the &lt;i&gt;Options&lt;/i&gt; →&lt;i&gt;Display Font...&lt;/i&gt; menu
      item. The font type and size can be changed from the
      dialog.&lt;/p&gt;</literal></para>

      <para>Here is how <application>OmegaT</application> will display this,
      with the translation in Afrikaans:</para>

      <figure id="fig.tagged.segment.source">
        <title>Source <indexterm class="singular">
            <primary>Segment, Source and Target - figure</primary>
          </indexterm>HTML segment</title>

        <mediaobject>
          <imageobject role="html">
            <imagedata fileref="images/tagged_segment.png" />
          </imageobject>

          <imageobject role="fo">
            <imagedata fileref="images/tagged_segment.png" width="80%" />
          </imageobject>
        </mediaobject>
      </figure>

      <para>When <application>OmegaT</application> has created the translated
      document, the HTML will look like this:</para>

      <figure id="fig.tagged.segment.target">
        <title>Target HTML segment</title>

        <mediaobject>
          <imageobject role="html">
            <imagedata fileref="images/tagged_segment_target.png" />
          </imageobject>

          <imageobject role="fo">
            <imagedata fileref="images/tagged_segment_target.png" width="80%" />
          </imageobject>
        </mediaobject>
      </figure>
    </section>

    <section id="tag.verification">
      <title>Tag verification<indexterm class="singular">
          <primary>Tagged text</primary>

          <secondary>Tag verification</secondary>
        </indexterm><indexterm class="singular">
          <primary>Tag Verification</primary>
        </indexterm></title>

      <para><application>OmegaT</application> doesn't automatically detect
      faulty tagging in the translated document. Therefore before you deliver
      the document to your client, you should always check your tags for
      errors. Select <menuchoice>
          <shortcut>
            <keycombo>
              <keycap>Ctrl</keycap>

              <keycap>T</keycap>
            </keycombo>
          </shortcut>

          <guimenu>Tools</guimenu>

          <guimenuitem>Validate Tags...</guimenuitem>
        </menuchoice> from the menu. A table will be displayed showing the
      segments where the source and target tags do not correspond. Click on
      the segment number. You will be taken automatically to the questionable
      segment in the Editor, where you can correct the tagging. When you have
      carried out the corrections, check these by pressing <keycombo>
          <keycap>Ctrl</keycap>

          <keycap>T<indexterm class="singular">
              <primary>Shortcuts</primary>

              <secondary>Ctrl+T - Tag verification</secondary>

              <seealso>Tagged text</seealso>
            </indexterm></keycap>
        </keycombo> again. Note that the tag verifier may find an error in
      cases where the tags are correct - for instance when it was necessary to
      change the order of tags involved in making a grammatically correct
      translation. Please regard this as a sign that the verifier prefers to
      err on the side of caution.</para>

      <para>In some cases tag errors may even prevent a document from opening.
      This is no reason to panic - you still have both the source file and the
      translation available, you just need to make sure you have corrected any
      tag errors before you create the translated files. Finally, you should
      always doublecheck the final formatting by opening the translated
      document in its associated viewer or editor.</para>
    </section>
  </section>
</chapter>
